{
    "source_hash": 87664042592087465475113705573954545146505600752279193318107317629163383566169,
    "target_hash": 5858499037241242318659579308324937661855492811576498202647020429983297219966,
    "candidates": {
        "id": [
            [
                "sample_type_id",
                0.8277086615562439
            ],
            [
                "age_at_diagnosis",
                0.7905457615852356
            ],
            [
                "morphology",
                0.7772193551063538
            ],
            [
                "age_at_index",
                0.7747070789337158
            ],
            [
                "pmid",
                0.7661364674568176
            ],
            [
                "amount",
                0.755089521408081
            ],
            [
                "percent_normal_cells",
                0.7544408440589905
            ],
            [
                "tumor_code_id",
                0.7521281242370605
            ],
            [
                "percent_follicular_component",
                0.7483278512954712
            ],
            [
                "growth_rate",
                0.7466345429420471
            ],
            [
                "nadir_cd4_count",
                0.7465229034423828
            ],
            [
                "loci_count",
                0.7453070282936096
            ],
            [
                "rin",
                0.7450228333473206
            ],
            [
                "loci_abnormal_count",
                0.7442069053649902
            ],
            [
                "sample_ordinal",
                0.7418936491012573
            ],
            [
                "days_to_test",
                0.741477370262146
            ],
            [
                "percent_rhabdoid_features",
                0.7394742369651794
            ],
            [
                "average_read_length",
                0.7388487458229065
            ],
            [
                "percent_stromal_cells",
                0.7378516793251038
            ],
            [
                "rhabdoid_percent",
                0.7371697425842285
            ]
        ],
        "title": [
            [
                "copy_number_liftover_workflows",
                0.4637015759944916
            ],
            [
                "read_groups",
                0.4572446644306183
            ],
            [
                "short_name",
                0.45318639278411865
            ],
            [
                "namespace",
                0.4388693571090698
            ],
            [
                "aa_change",
                0.4388459026813507
            ],
            [
                "plate_well",
                0.42762619256973267
            ],
            [
                "submitted_genomic_profiles",
                0.4194633662700653
            ],
            [
                "well_number",
                0.4181819260120392
            ],
            [
                "copy_number_auxiliary_files",
                0.4155976176261902
            ],
            [
                "icd_10",
                0.4127209484577179
            ],
            [
                "analyte_type_id",
                0.4101797342300415
            ],
            [
                "creator",
                0.4064878821372986
            ],
            [
                "icd_10_code",
                0.4058650732040405
            ],
            [
                "platforms",
                0.4022943079471588
            ],
            [
                "adapter_sequence",
                0.40123459696769714
            ],
            [
                "structural_variant_calling_workflows",
                0.3995667099952698
            ],
            [
                "type_of_smoke_exposure",
                0.3991379737854004
            ],
            [
                "fab_morphology_code",
                0.39463016390800476
            ],
            [
                "slide_images",
                0.3945799767971039
            ],
            [
                "bcr_id",
                0.3941350281238556
            ]
        ],
        "manufacturer": [
            [
                "exposure_source",
                0.5434768795967102
            ],
            [
                "instrument_model",
                0.5401968955993652
            ],
            [
                "treatment_arm",
                0.5359879732131958
            ],
            [
                "protocol_identifier",
                0.5306357145309448
            ],
            [
                "target_capture_kit_vendor",
                0.5288922786712646
            ],
            [
                "base_caller_name",
                0.5281607508659363
            ],
            [
                "platforms",
                0.5209602117538452
            ],
            [
                "library_preparation_kit_vendor",
                0.5190152525901794
            ],
            [
                "embolic_agent",
                0.518038272857666
            ],
            [
                "figo_stage",
                0.5180113911628723
            ],
            [
                "read_groups",
                0.5129145979881287
            ],
            [
                "type_of_tobacco_used",
                0.5101017951965332
            ],
            [
                "analytes",
                0.5078887343406677
            ],
            [
                "analyte_type_id",
                0.5069590210914612
            ],
            [
                "ajcc_clinical_n",
                0.5066311955451965
            ],
            [
                "gene_symbol",
                0.5052693486213684
            ],
            [
                "data_format",
                0.49994564056396484
            ],
            [
                "plate_well",
                0.4990726411342621
            ],
            [
                "well_number",
                0.49567490816116333
            ],
            [
                "aa_change",
                0.491536945104599
            ]
        ],