{
    "source_hash": 14644450186389807486445865871660140686742097477183054503561104739123869633925,
    "target_hash": 5858499037241242318659579308324937661855492811576498202647020429983297219966,
    "candidates": {
        "Path_Stage_Primary_Tumor-pT": [
            [
                "uicc_pathologic_stage",
                0.7680522203445435
            ],
            [
                "ajcc_pathologic_n",
                0.7425747513771057
            ],
            [
                "uicc_clinical_stage",
                0.7412036061286926
            ],
            [
                "history_of_tumor_type",
                0.7387262582778931
            ],
            [
                "plate_name",
                0.7358349561691284
            ],
            [
                "ensat_pathologic_stage",
                0.7324034571647644
            ],
            [
                "uicc_clinical_t",
                0.7255529761314392
            ],
            [
                "gene_expressions",
                0.7228004932403564
            ],
            [
                "tumor_ploidy",
                0.7218313813209534
            ],
            [
                "figo_stage",
                0.7172049880027771
            ],
            [
                "residual_tumor",
                0.7159340381622314
            ],
            [
                "percent_tumor_nuclei",
                0.7133792042732239
            ],
            [
                "ajcc_clinical_stage",
                0.7115873098373413
            ],
            [
                "residual_tumor_measurement",
                0.7111936211585999
            ],
            [
                "tumor_depth",
                0.7108114361763
            ],
            [
                "tumor_purity",
                0.708589494228363
            ],
            [
                "last_known_disease_status",
                0.7075805068016052
            ],
            [
                "ajcc_pathologic_stage",
                0.7024375200271606
            ],
            [
                "experiment_name",
                0.7010136246681213
            ],
            [
                "relationship_primary_diagnosis",
                0.6990405917167664
            ]
        ],
        "Age": [
            [
                "age_at_index",
                0.8748478293418884
            ],
            [
                "age_at_onset",
                0.8652756214141846
            ],
            [
                "age_at_diagnosis",
                0.8474426865577698
            ],
            [
                "relationship_age_at_diagnosis",
                0.8391765356063843
            ],
            [
                "age_at_last_exposure",
                0.8063035607337952
            ],
            [
                "weight",
                0.8000261783599854
            ],
            [
                "undescended_testis_corrected_age",
                0.7995705008506775
            ],
            [
                "exposure_duration_years",
                0.7729906439781189
            ],
            [
                "percent_normal_cells",
                0.7728288173675537
            ],
            [
                "initial_weight",
                0.7718804478645325
            ],
            [
                "amount",
                0.7677459120750427
            ],
            [
                "occupation_duration_years",
                0.7636065483093262
            ],
            [
                "growth_rate",
                0.7604567408561707
            ],
            [
                "days_to_comorbidity",
                0.7546098828315735
            ],
            [
                "gross_tumor_weight",
                0.7509024739265442
            ],
            [
                "percent_follicular_component",
                0.7491551637649536
            ],
            [
                "a260_a280_ratio",
                0.7484856843948364
            ],
            [
                "sarcomatoid_percent",
                0.7474989891052246
            ],
            [
                "percent_necrosis",
                0.7455702424049377
            ],
            [
                "fev1_fvc_pre_bronch_percent",
                0.7449830174446106
            ]
        ]
    },
    "source_clusters": {
        "Path_Stage_Primary_Tumor-pT": [
            "Path_Stage_Primary_Tumor-pT",
            "Age"
        ],
        "Age": [
            "Age",
            "Path_Stage_Primary_Tumor-pT"
        ]
    }
}