{
    "source_hash": 97678563545406355078434728268983587145029937434071398832171622829547988332858,
    "target_hash": 5858499037241242318659579308324937661855492811576498202647020429983297219966,
    "candidates": {
        "source": [
            [
                "catalog_reference",
                0.6316856145858765
            ],
            [
                "chip_position",
                0.5922729969024658
            ],
            [
                "bcr_id",
                0.589657187461853
            ],
            [
                "analyte_type_id",
                0.5787620544433594
            ],
            [
                "multiplex_barcode",
                0.5739742517471313
            ],
            [
                "distributor_reference",
                0.569835901260376
            ],
            [
                "chip_id",
                0.5694873929023743
            ],
            [
                "plate_well",
                0.5680784583091736
            ],
            [
                "short_name",
                0.5608289241790771
            ],
            [
                "id",
                0.5533918142318726
            ],
            [
                "submitter_id",
                0.5423298478126526
            ],
            [
                "cytoband",
                0.5360783338546753
            ],
            [
                "well_number",
                0.5349183082580566
            ],
            [
                "code",
                0.5336170196533203
            ],
            [
                "project_id",
                0.5313648581504822
            ],
            [
                "aa_change",
                0.5203695893287659
            ],
            [
                "transcript",
                0.5101777911186218
            ],
            [
                "protocol_identifier",
                0.5061519742012024
            ],
            [
                "occupation_type",
                0.5019105672836304
            ],
            [
                "portion_number",
                0.5005819201469421
            ]
        ],
        "target": [
            [
                "catalog_reference",
                0.6250245571136475
            ],
            [
                "chip_position",
                0.6093248724937439
            ],
            [
                "plate_well",
                0.5897261500358582
            ],
            [
                "analyte_type_id",
                0.5888708829879761
            ],
            [
                "chip_id",
                0.587763249874115
            ],
            [
                "multiplex_barcode",
                0.5755527019500732
            ],
            [
                "bcr_id",
                0.5729594230651855
            ],
            [
                "distributor_reference",
                0.5659687519073486
            ],
            [
                "short_name",
                0.5548351407051086
            ],
            [
                "submitter_id",
                0.5412349700927734
            ],
            [
                "well_number",
                0.539696216583252
            ],
            [
                "project_id",
                0.5363571643829346
            ],
            [
                "aa_change",
                0.5327134728431702
            ],
            [
                "protocol_identifier",
                0.5272188782691956
            ],
            [
                "target_capture_kit_catalog_number",
                0.5271113514900208
            ],
            [
                "cytoband",
                0.5269815325737
            ],
            [
                "id",
                0.5210468769073486
            ],
            [
                "code",
                0.5193249583244324
            ],
            [
                "target_capture_kit_vendor",
                0.518900454044342
            ],
            [
                "pathology_report_uuid",
                0.5106035470962524
            ]
        ]
    }
}